Date,Store_ID,Product_Category,Price,Is_Holiday,On_Promotion,Weekly_Sales
2026-01-05,101,Electronics,299.99,0,1,15200.50
2026-01-12,101,Electronics,299.99,0,0,12100.00
2026-01-19,101,Clothing,49.99,0,1,8500.25
2026-01-26,101,Clothing,49.99,1,1,14200.80
2026-02-02,102,Electronics,199.99,0,0,9800.00
2026-02-09,102,Home_Decor,89.95,0,1,6400.10
2026-02-16,102,Home_Decor,89.95,1,0,7100.00
2026-02-23,103,Electronics,450.00,0,1,22000.35
2026-03-02,103,Clothing,35.00,0,0,4100.15
2026-03-09,103,Home_Decor,120.00,0,1,11300.90
