Order_ID,Date,Region,State,City,Category,Sub_Category,Customer,Gender,Age,Quantity,Sales,Profit,Discount,Payment_Mode
1001,2024-01-05,South,Telangana,Hyderabad,Electronics,Laptop,Alice,Female,28,2,1200,250,5,Credit Card
1002,2024-01-08,South,Andhra Pradesh,Vijayawada,Furniture,Chair,Bob,Male,35,4,800,120,10,Cash
1003,2024-01-10,North,Delhi,New Delhi,Electronics,Mobile,Charlie,Male,22,3,900,180,8,UPI
1004,2024-01-15,West,Maharashtra,Mumbai,Furniture,Table,David,Male,42,1,650,100,15,Credit Card
1005,2024-01-18,East,West Bengal,Kolkata,Clothing,Shirt,Eva,Female,30,5,500,90,20,Debit Card
1006,2024-01-20,South,Tamil Nadu,Chennai,Electronics,Headphones,Frank,Male,26,6,720,150,5,UPI
1007,2024-01-25,West,Gujarat,Ahmedabad,Clothing,Jeans,Grace,Female,24,3,450,80,10,Cash
1008,2024-02-01,North,Punjab,Amritsar,Furniture,Sofa,Henry,Male,38,1,1500,320,12,Credit Card
1009,2024-02-05,East,Odisha,Bhubaneswar,Electronics,Tablet,Irene,Female,29,2,700,140,6,UPI
1010,2024-02-08,South,Karnataka,Bengaluru,Electronics,Laptop,Jack,Male,33,1,1100,230,5,Credit Card
1011,2024-02-12,North,Uttar Pradesh,Lucknow,Clothing,T-Shirt,Karen,Female,27,7,560,95,18,Cash
1012,2024-02-18,West,Rajasthan,Jaipur,Furniture,Bed,Liam,Male,40,1,1800,400,10,Debit Card
1013,2024-02-20,East,Assam,Guwahati,Electronics,Smartwatch,Mia,Female,23,4,960,200,7,UPI
1014,2024-02-25,South,Kerala,Kochi,Clothing,Jacket,Noah,Male,31,2,680,130,9,Credit Card
1015,2024-03-02,West,Goa,Panaji,Furniture,Cabinet,Olivia,Female,37,1,950,180,10,Cash
1016,2024-03-06,North,Haryana,Gurugram,Electronics,Camera,Peter,Male,45,1,2200,500,4,Credit Card
1017,2024-03-09,East,Bihar,Patna,Clothing,Shoes,Queen,Female,21,4,760,140,15,Debit Card
1018,2024-03-14,South,Telangana,Hyderabad,Electronics,Mobile,Ryan,Male,29,2,850,170,8,UPI
1019,2024-03-18,West,Maharashtra,Pune,Furniture,Desk,Sophia,Female,34,2,980,210,6,Credit Card
1020,2024-03-22,North,Himachal Pradesh,Shimla,Clothing,Sweater,Tom,Male,36,3,620,110,12,Cash